Unnamed: 0,Unnamed: 1,us,af,cn,me,sa,la,pa,ec,eu,se,Unnamed: 12,Unnamed: 13,Unnamed: 14,Unnamed: 15,Unnamed: 16,Unnamed: 17,Unnamed: 18,Unnamed: 19,Unnamed: 20,Unnamed: 21,Unnamed: 22,Unnamed: 23
2.0,Actually working in 1980,103,139,494,41,322,114,92,163,194,128,,,,,,,,,,,,
3.0,barren land Mha in 1980,59.72495619,598.2240465,302.2241969,532.8848257,61.22054321,231.0054865,562.6281586,75.14572307,225.2606895,15.92733213,,,,,,,,,,,,
4.0,Cohort 0 to 4 in 1980,16.907701,66.801562,103.943347,31.569206,135.398637,51.48271,17.468252,30.095115,36.461211,52.640757,,,,,,,,,,,,
5.0,Cohort 5 to 9 in 1980,17.16009,53.164399,128.476879,26.126713,116.397822,46.652054,20.355446,28.12971,37.948148,48.979344,,,,,,,,,,,,
6.0,Cohort 10 to 14 in 1980,18.937472,43.940929,133.948072,22.767273,103.455397,43.046737,19.352604,26.373505,40.038377,44.788868,,,,,,,,,,,,
7.0,Cohort 15 to 19 in 1980,21.517461,37.081781,110.482973,19.527712,92.45383,38.903513,18.357064,28.52345,40.461573,39.511144,,,,,,,,,,,,
8.0,Cohort 20 to 24 in 1980,21.811934,30.935628,90.894947,16.288299,80.257425,33.005389,17.91206,29.336297,38.313199,33.807624,,,,,,,,,,,,
9.0,Cohort 25 to 29 in 1980,20.138849,25.760146,93.946222,13.536281,68.847659,27.871033,16.972093,27.08317,35.939231,27.181182,,,,,,,,,,,,
10.0,Cohort 30 to 34 in 1980,17.974136,21.495335,66.590184,10.146728,54.731414,22.358651,18.112017,21.926472,34.389834,20.342801,,,,,,,,,,,,
11.0,Cohort 35 to 39 in 1980,14.121209,18.108879,51.700304,8.11063,47.851363,18.467761,15.493868,15.930422,29.67315,17.549072,,,,,,,,,,,,
12.0,Cohort 40 to 44 in 1980,12.070419,15.198946,49.149275,7.572964,43.093241,16.067505,13.984643,23.983482,29.675089,16.226677,,,,,,,,,,,,
13.0,Cohort 45 to 49 in 1980,11.244823,12.965113,45.69956,6.93185,37.071677,13.794497,12.770963,18.980824,28.550904,14.252513,,,,,,,,,,,,
14.0,Cohort 50 to 54 in 1980,11.828181,10.749448,38.815752,5.904964,31.091128,12.146529,11.291777,21.209913,27.633985,11.668849,,,,,,,,,,,,
15.0,Cohort 55 to 59 in 1980,11.74942,8.775347,32.701491,4.775095,25.204065,9.803779,9.312608,14.806878,26.014931,9.277893,,,,,,,,,,,,
16.0,Cohort 60 to 64 in 1980,10.338319,6.855142,28.827934,3.581596,19.562152,7.63257,7.399335,9.679084,17.989821,7.301474,,,,,,,,,,,,
17.0,Cohort 65 to 69 in 1980,9.055611,4.996366,21.678415,2.675869,14.120648,6.146921,6.374208,11.556534,20.920551,5.764184,,,,,,,,,,,,
18.0,Cohort 70 to 74 in 1980,7.125723,3.267831,13.930002,1.9277,9.355379,4.356274,4.726761,8.852958,17.70716,3.986005,,,,,,,,,,,,
19.0,Cohort 75 to 79 in 1980,5.333089,1.784137,7.965224,1.14022,5.041373,2.754299,3.068127,5.648658,12.335414,2.328875,,,,,,,,,,,,
20.0,Cohort 80 to 84 in 1980,2.903295,0.730893,3.1889,0.527981,2.380668,1.442319,1.65191,2.706432,6.806791,1.077224,,,,,,,,,,,,
21.0,Cohort 85 to 89 in 1980,1.650329,0.193374,0.968024,0.168828,0.729614,0.527403,0.665821,1.108461,2.782826,0.360152,,,,,,,,,,,,
22.0,Cohort 90 to 94 in 1980,0.564662,0.02922,0.173605,0.0348,0.187232,0.145646,0.185384,0.364529,0.791019,0.085622,,,,,,,,,,,,
23.0,Cohort 95plus in 1980,0.134325,0.002834,0.020406,0.004407,0.033359,0.029358,0.031645,0.075015,0.13436,0.015641,,,,,,,,,,,,
24.0,cropland Mha in 1980,190.624,131.158,100.219,51.67,214.32,138.743208,68.646,248.075,145.6781,77.23114,,,,,,,,,,,,
25.0,forest area Mha in 1980,257.3930556,297.0961615,213.8790789,50,35.63406238,769.0765733,620.9718786,1066.659443,118.1062929,234.8353986,,,,,,,,,,,,
26.0,grazing land Mha in 1980,237.539,609.232,328.3,227.076,20.209,512.548,513.767,452.092,81.1108,15.133,,,,,,,,,,,,
27.0,populated land Mha in 1980,43.45237878,3.612001899,48.63942665,3.821255007,6.942764463,9.03041519,13.651522,2.953002004,14.52710928,6.669762511,,,,,,,,,,,,
28.0,acy k,0.0508,0.3,0.012,0.15,0.0198,0.1,0.027,0.06,0.085,0.03171,,Indicated crop yield tCrop/ha-yr func,,,,,,,,,,
29.0,acy L,6.24,4.6,15,4.5,10,12,5,6,12,11,,,SE handled with separate function,,,,,,,,,
30.0,acy x0,59.34,6.2,150,32,88,30,30,30,97,1,,,,,,,,,,,,
31.0,Birth rate para a,0.0982,0.2307,0.09,0.232,0.086,1.87,0.1317,0.0418,0.1214,0.1174,,,,af,cn,me,sa,la,pa,ec,eu,se
32.0,Birth rate para b,-0.472,-0.854,-0.01,-0.5599,-1.025,-1.92394,-0.459,-0.042,-0.414,-0.515,,,,CN handled with separate function,,,,,,,,
33.0,Birth rate para c,0.015,0,0.01,0,0.025,0.025,0,0,0,0,,,,,,,,,,,,
34.0,fos use pp para L,5.38,4,4,3.5,4,3.5,3.5,4,9.7,4,,,,af,cn,me,sa,la,pa,ec,eu,se
35.0,fos use pp para x0,80,15,1,22.03,16.81,60,6.134,20,-25,26.5,,,,CN handled with separate function,,,,,,,,
36.0,fos use pp para k,-0.06,0.25,0.01,0.055,0.197,0.027,0.0395,0.05,-0.0205,0.1,,,,,,,,,,,,
37.0,El use pp para L,8,10,10,8,8,8,12,12,8,10,,,,af,cn,me,sa,la,pa,ec,eu,se
38.0,El use pp para x0,6.2,13,13,22.6,13.49,22.6,20.34,26,6.2,28,,,,US handled with separate function,,,,,,,,
39.0,El use pp para k,0.055,0.3,0.3,0.0939,0.2541,0.0939,0.069,0.075,0.055,0.1,,,,,,,,,,,,
40.0,Debt finance route GL,3,3,3,3,3,3,3,3,3,3,,Govt spending / investment policy financed through zero-interest debt=2 through debt that is never repaid=3,,,,,,,,,,
41.0,Debt finance route TLTL,3,3,3,3,3,3,3,3,3,3,,,,,,,,,,,,
42.0,dr0 a,0.2044,0.0968,0.023972137,0.097056329,0.046345721,0.760547309,0.172593312,0.054848487,0.342606569,0.058103441,,,,,,,,,,,,
43.0,dr0 b,-1.221,-1.119,-0.759394552,-0.924116978,-0.986134852,-1.986577949,-1.264192543,-0.715971368,-1.335559797,-1.049074905,,,,,,,,,,,,
44.0,dr35 a,0.0053,0.016667952,0.002672714,0.0137294,0.005102753,0.014135307,0.016477595,0.007684884,0.009673846,0.007124747,,,,,,,,,,,,
45.0,dr35 b,-0.292,-0.621720576,-0.332791201,-0.749026624,-0.411940105,-0.692943807,-0.759417636,-0.265448687,-0.588910808,-0.480438087,,,,,,,,,,,,
46.0,dr40 a,0.0128,0.018034419,0.003714718,0.015614362,0.006783615,0.020269683,0.016365599,0.013110795,0.011122353,0.008270574,,,,,,,,,,,,
47.0,dr40 b,-0.437,-0.559318072,-0.319418843,-0.68851821,-0.407371901,-0.735979299,-0.640284235,-0.351418101,-0.504528994,-0.400984397,,,,,,,,,,,,
48.0,dr45 a,0.0264,0.019600808,0.005381706,0.020582201,0.009369262,0.026628706,0.020768101,0.021481311,0.015236301,0.010279935,,,,,,,,,,,,
49.0,dr45 b,-0.518,-0.498065655,-0.326390896,-0.626545501,-0.372203043,-0.713779075,-0.588569796,-0.400452657,-0.463706503,-0.33048756,,,,,,,,,,,,
50.0,dr50 a,0.0442,0.02275799,0.009557827,0.027795663,0.013983231,0.033039638,0.029583092,0.040304392,0.023523743,0.013810196,,,,,,,,,,,,
51.0,dr50 b,-0.54,-0.413594512,-0.360736149,-0.547992439,-0.343306731,-0.650264609,-0.570757178,-0.515076252,-0.462610144,-0.283289063,,,,,,,,,,,,
52.0,dr55 a,0.0873,0.02821511,0.014817438,0.034803034,0.020892729,0.046787694,0.04421724,0.041443636,0.038317403,0.019580772,,,,,,,,,,,,
53.0,dr55 b,-0.611,-0.363389441,-0.331583406,-0.487560627,-0.330148396,-0.636648798,-0.556871562,-0.382673749,-0.481034976,-0.25709414,,,,,,,,,,,,
54.0,dr60 a,0.2076,0.039486806,0.02476266,0.044834923,0.034509272,0.072971357,0.074376975,0.049954627,0.065420694,0.032516853,,,,,,,,,,,,
55.0,dr60 b,-0.73,-0.320544719,-0.280081747,-0.393731255,-0.371660175,-0.651625191,-0.575179409,-0.322127059,-0.5124927,-0.301311555,,,,,,,,,,,,
56.0,dr65 a,0.3796,0.056951831,0.037646298,0.067936131,0.050409258,0.10602603,0.121979848,0.06112059,0.111736208,0.055035305,,,,,,,,,,,,
57.0,dr65 b,-0.787,-0.277367245,-0.218713467,-0.374043008,-0.332813958,-0.638808601,-0.591235948,-0.269116128,-0.542688662,-0.340118605,,,,,,,,,,,,
58.0,dr70 a,0.572,0.087953957,0.066766228,0.103967341,0.073943167,0.158872633,0.192363216,0.08842765,0.191793681,0.08885637,,,,,,,,,,,,
59.0,dr70 b,-0.785,-0.254721216,-0.205684231,-0.330580369,-0.283363193,-0.635569268,-0.58886207,-0.248511245,-0.563630618,-0.351907943,,,,,,,,,,,,
60.0,dr75 a,0.5533,0.13508025,0.107516746,0.149683255,0.108474068,0.227803845,0.272054375,0.135544303,0.304709921,0.13263907,,,,,,,,,,,,
61.0,dr75 b,-0.664,-0.23047494,-0.188993545,-0.270794064,-0.272186689,-0.603627823,-0.537848881,-0.240646034,-0.550445292,-0.325219015,,,,,,,,,,,,
62.0,dr80 a,0.7722,0.212540304,0.182508095,0.2122823,0.160005913,0.423807026,0.37233973,0.245588319,0.432720957,0.203630082,,,,,,,,,,,,
63.0,dr80 b,-0.621,-0.223125507,-0.237082675,-0.214784313,-0.234113183,-0.670318446,-0.478027703,-0.299529492,-0.497531357,-0.32501887,,,,,,,,,,,,
64.0,dr85 a,0.5184,0.324963313,0.270235217,0.305642364,0.233243925,0.58115334,0.491004856,0.281373231,0.602356742,0.271059349,,,,,,,,,,,,
65.0,dr85 b,-0.389,-0.221218659,-0.218259349,-0.184128129,-0.208411798,-0.620289128,-0.410507972,-0.178954046,-0.443274137,-0.284261664,,,,,,,,,,,,
66.0,dr90 a,0.524,0.456044761,0.383196435,0.425159822,0.324786232,0.687931634,0.593280563,0.380448302,0.678883633,0.346641084,,,,,,,,,,,,
67.0,dr90 b,-0.267,-0.200074806,-0.220698462,-0.166495198,-0.173688439,-0.535240751,-0.325031979,-0.144952812,-0.334793368,-0.26124701,,,,,,,,,,,,
68.0,dr95plus a,0.5031,0.579390831,0.492643394,0.595127708,0.347010986,0.656443081,0.707514634,0.563918229,0.735895591,0.444143454,,,,,,,,,,,,
69.0,dr95plus b,-0.132,-0.194423509,-0.179435262,-0.167294598,-0.186558307,-0.335499924,-0.234101562,-0.157948607,-0.220605566,-0.236567642,,,,,,,,,,,,
70.0,Goal CCS GL,90,90,90,90,90,90,90,90,90,90,,Replace fossil fuels with decarbonized gas handle,,,,,,,,,,
71.0,Goal CCS TLTL,10,10,10,10,10,10,10,10,10,10,,,,,,,,,,,,
72.0,Goal FEHC GL,20,20,20,20,20,20,20,20,20,20,,Free education health and contraception for all handle FEHC,,,,,,,,,,
73.0,Goal FEHC TLTL,0,0,0,0,0,0,0,0,0,0,,,,,,,,,,,,
74.0,XtaxRateEmpowerment,1,1,1,1,1,1,1,1,1,1,,,,,,,,,,,,
75.0,XtaxRatePensions,1,1,1,1,1,1,1,1,1,1,,,,,,,,,,,,
76.0,Goal FLWR GL,50,50,50,50,50,50,50,50,50,50,,Introduce (expand) regenerative agriculture handle,,,,,,,,,,
77.0,Goal FLWR TLTL,0,0,0,0,0,0,0,0,0,0,,,,,,,,,,,,
78.0,Goal FWRP GL,80,80,80,80,80,80,80,80,80,80,,Reduce food waste policy FWRP,,,,,,,,,,
79.0,Goal FWRP TLTL,5,5,5,5,5,5,5,5,5,5,,,,,,,,,,,,
80.0,Goal GH GL,75,75,75,75,75,75,75,75,75,75,,Replace fossil fuels with green hydrogen policy,,,,,,,,,,
81.0,Goal GH TLTL,0,0,0,0,0,0,0,0,0,0,,,,,,,,,,,,
82.0,Goal HydroP GL,0,0,0,0,0,0,0,0,0,0,,hydro capacity change policy,,,,,,,,,,
83.0,Goal HydroP TLTL,0,0,0,0,0,0,0,0,0,0,,,,,,,,,,,,
84.0,Goal IBFP GL,50,50,50,50,50,50,50,50,50,50,,Increase biofuels production beyond the GDPpp driven change IBFP,,,,,,,,,,
85.0,Goal IBFP TLTL,0,0,0,0,0,0,0,0,0,0,,,,,,,,,,,,
86.0,Goal IGPuINV GL,2,2,2,2,2,2,2,2,2,2,,Increase govt public investment IGPuINV through off-balance instruments (aka printing money),,,,,,,,,,
87.0,Goal IGPuINV TLTL,0,0,0,0,0,0,0,0,0,0,,,,,,,,,,,,
88.0,Goal IGPuS GL,2,2,2,2,2,2,2,2,2,2,,Increase govt public spending IGPuS through off-balance instruments (aka printing money),,,,,,,,,,
89.0,Goal IGPuS TLTL,0,0,0,0,0,0,0,0,0,0,,,,,,,,,,,,
90.0,Goal INFP GL,0,0,0,0,0,0,0,0,0,0,,Increase national food production,,,,,,,,,,
91.0,Goal INFP TLTL,0,0,0,0,0,0,0,0,0,0,,,,,,,,,,,,
92.0,Goal IGDCP GL new,3,3,3,3,3,3,3,3,3,3,,,,,,,,,,,,
93.0,Goal IGDCP TLTL new,0,0,0,0,0,0,0,0,0,0,,,,,,,,,,,,
94.0,XtaxCommons from 2023 GL,1,1,1,1,1,1,1,1,1,1,,,,,,,,,,,,
95.0,Goal IPWGI GL new,1,1,1,1,1,1,1,1,1,1,,,,,,,,,,,,
96.0,Goal IPWGI TLTL new,0,0,0,0,0,0,0,0,0,0,,,,,,,,,,,,
97.0,Goal IPWGIF GL new,2,2,2,2,2,2,2,2,2,2,,,,,,,,,,,,
98.0,Goal IPWGIF TLTL new,0,0,0,0,0,0,0,0,0,0,,,,,,,,,,,,
99.0,Max IPWGIFx GL,3,3,3,3,3,3,3,3,3,3,,,,,,,,,,,,
100.0,Max IPWGIFx TLTL,0,0,0,0,0,0,0,0,0,0,,,,,,,,,,,,
101.0,Goal ISPV GL,100,100,100,100,100,100,100,100,100,100,,Increase share of PV policy ISPV,,,,,,,,,,
102.0,Goal ISPV TLTL,50,50,50,50,50,50,50,50,50,50,,,,,,,,,,,,
103.0,Goal ITOWPS GL new,1,1,1,1,1,1,1,1,1,1,,,,,,,,,,,,
104.0,Goal ITOWPS TLTL new,0,0,0,0,0,0,0,0,0,0,,,,,,,,,,,,
105.0,ITOWPS TLTL to workers,0,0,0,0,0,0,0,0,0,0,,zero means all to workers, hundred means all to public investment,,,,,,,,,
106.0,ITOWPS GL to workers,10,10,10,10,10,10,10,10,10,10,,ten means 10 percent to workers, ninty percent to public investment,,,,,,,,,
107.0,Goal NEP GL new,90,90,90,90,90,90,90,90,90,90,,,,,,,,,,,,
108.0,Goal NEP TLTL new,50,50,50,50,50,50,50,50,50,50,,,,,,,,,,,,
109.0,Goal NUCP GL,0,0,0,0,0,0,0,0,0,0,,,,,,,,,,,,
110.0,Goal NUCP TLTL,0,0,0,0,0,0,0,0,0,0,,,,,,,,,,,,
111.0,Goal RMDR GL new,25,25,25,25,25,25,25,25,25,25,,,,,,,,,,,,
112.0,Goal RMDR TLTL new,10,10,10,10,10,10,10,10,10,10,,,,,,,,,,,,
113.0,Goal RWTxP GL new,1,1,1,1,1,1,1,1,1,1,,,,,,,,,,,,
114.0,Goal RWTxP TLTL new,0,0,0,0,0,0,0,0,0,0,,,,,,,,,,,,
115.0,Goal SGMP GL new,2,2,2,2,2,2,2,2,2,2,,,,,,,,,,,,
116.0,Goal SGMP TLTL new,0,0,0,0,0,0,0,0,0,0,,,,,,,,,,,,
117.0,Goal StrUP GL new,1,1,1,1,1,1,1,1,1,1,,Strengthen the unions policy (StrUP),,,,,,,,,,
118.0,Goal StrUP TLTL new,0,0,0,0,0,0,0,0,0,0,,,,,,,,,,,,
119.0,GITx from 2023 GL,1,1,1,1,1,1,1,1,1,1,,,,,,,,,,,,
120.0,GITx from 2023 TLTL,0,0,0,0,0,0,0,0,0,0,,,,,,,,,,,,
121.0,XtaxFrac TLTL,50,50,50,50,50,50,50,50,50,50,,,,,,,,,,,,
122.0,XtaxFrac GL,80,80,80,80,80,80,80,80,80,80,,,,,,,,,,,,
123.0,Goal ExPS GL,33,33,33,33,33,33,33,33,33,33,,One off Fraction of govt debt cancelled ExPS,,,,,,,,,,
124.0,Goal ExPS TLTL,0,0,0,0,0,0,0,0,0,0,,called Expand Policy Space in the book,,,,,,,,,,
125.0,Spread duration ExPS GL,2,2,2,2,2,2,2,2,2,2,,Duration over which govt debt cancellation is spread,,,,,,,,,,
126.0,Spread duration ExPS TLTL,2,2,2,2,2,2,2,2,2,2,,,,,,,,,,,,
127.0,Moment ExPS GL,2024,2024,2024,2024,2024,2024,2024,2024,2024,2024,,Moment when govt debt cancellation occurs,,,,,,,,,,
128.0,Moment ExPS TLTL,2024,2024,2024,2024,2024,2024,2024,2024,2024,2024,,,,,,,,,,,,
129.0,Goal FTPEE TLTL,1,1,1,1,1,1,1,1,1,1,,,,,,,,,,,,
130.0,Goal FTPEE GL,4,4,4,4,4,4,4,4,4,4,,,,,,,,,,,,
131.0,RGDC from 2023 GL,0,0,0,0,0,0,0,0,0,0,,Cancelling govt debt, fraction per year policy,,,,,,,,,
132.0,RGDC from 2023 TLTL,0,0,0,0,0,0,0,0,0,0,,,,,,,,,,,,
133.0,POGF cutoff GL new,50,50,50,50,50,50,50,50,50,50,,Policy: Protect old growth forest POGF,,,,,,,,,,
134.0,POGF cutoff TLTL new,0,0,0,0,0,0,0,0,0,0,,,,,,,,,,,,
135.0,POGF End year Reform,2050,2050,2050,2050,2050,2050,2050,2050,2050,2050,,,,,,,,,,,,
136.0,Feed dmd a,79.37,266.31,465.61,91.78,619.57,105.51,23.507,113.92,115.57,169.85,,,,,,,,,,,,
137.0,Feed dmd b,-151.9,-267.87,-1104.3,-1.2125,-702.71,-165.85,31.095,-168.57,-180.11,-208.09,,,,,,,,,,,,
138.0,net migration func param a,0.4133,-0.3,-0.16,0.0889,2.78,0.4073,0.4322,0.4812,1.7649,-0.3,,,,,,,,,,,,
139.0,net migration func param b,-0.6174,0.1,0.0969,-0.1085,-1.716,-1.6676,-1.1157,-1.3905,-4.8616,0.1,,,,,,,,,,,,
140.0,net migration func param c,0,0,0,0,-1.58,0,0,0,0,0,,,,,,,,,,,,
141.0,rm k,-0.053,0.13,0.13,0.0469,0.01,0.065,0.01,0.03,-0.044,0.05,,Red meat,,af,cn,me,la,ec,se,,,
142.0,rm L,33.6,20,20,15,20,35,20,20,21,20,,pa sa us eu handled by separate equations,,,,,,,,,,
143.0,rm x0,63.233,7.5,16,-2.97,1,-3.03,1,-35,49,37,,,,,,,,,,,,
144.0,rm min,20,0,0,0,0,0,0,0,5,0,,,,,,,,,,,,
145.0,wind and PV el share k,0.128133,0.5,0.4,0.135,0.66707,0.2,0.15,0.367,0.158,0.1,,,,,,,,,,,,
146.0,wind and PV el share L,0.5,0.5,0.5,0.5,0.5,0.5,0.5,0.5,0.5,0.5,,,,,,,,,,,,
147.0,wind and PV el share x0,76,10,17.5,45,7.48978,24,60,32,46,35,,,,,,,,,,,,
148.0,wm k,0.0313,0.3,0.1,0.122,0.2,0.2,0.04,0.075,0.18,0.1,,,White meat,,,,,,,,,
149.0,wm L,120,50,50,50,20,65,70,65,58,50,,,us,af,me,sa,la,pa,ec,eu,se,
150.0,wm x0,31.39,11,1,21.97,14,10,31,17,11.7,11,,,CN handled with separate function,,,,,,,,,
151.0,cereal k,0.06,0.3,0.1,0.081,0.19,0.078,0.01,0.01,0.0189,0.3,,,Cereals for people,,,,,,,,,
152.0,cereal L,220,250,199,230,290,200,250,250,250,275,,,us,af,me,sa,la,pa,ec,eu,se,
153.0,cereal x0,10,3,1,-6.46,1,1.1368,1,-50,-2.2,2,,,CN handled with separate function,,,,,,,,,
154.0,Factor net migration not officially recorded,0.1,14,-9,0,-0.1,-0.1,0.7,0,0,-2,,,,,,,,,,,,
155.0,Migration fraction 10 to 14 Cohort,0.4,0.2,0,0.2,0,0,0.2,0,0,0.2,,,,,,,,,,,,
156.0,Migration fraction 20 to 24 Cohort,0,0.2,0,0.2,0,0,0,0,0,0.2,,,,,,,,,,,,
157.0,Migration fraction 25 to 29 Cohort,0.3,0.2,0,0.2,0,0,0,0,0,0.2,,,,,,,,,,,,
158.0,Migration fraction 30 to 34 Cohort,0,0.2,0,0.2,0,0,0,0,0,0.2,,,,,,,,,,,,
159.0,mort 80 to 84 adjustment factor,0.8,1.3,1,1.2,1.8,1.4,0.6,0.7,0.8,1.8,,,,,,,,,,,,
160.0,mort 85 to 89 adjustment factor,1.1,1.7,1.8,1.5,1.3,1.4,1,1.4,1.1,1.3,,,,,,,,,,,,
161.0,mort 90 to 94 adjustment factor,1.2,2.2,1.6,2.1,1.7,1.4,1.2,1.4,1.2,1.7,,,,,,,,,,,,
162.0,mort 95plus adjustment factor,2.2,3.6,2,3.1,2.6,2.3,1.9,3.3,2.2,2.6,,,,,,,,,,,,
163.0,Life expectancy a,47,36,64,40,57,40,53,47,35,58,,,,,,,,,,,,
164.0,Life expectancy b,8,20,5,13,10,14,8,8,13,8,,,,,,,,,,,,
165.0,slope of Life Expectancy on Pension Age,0.95,0.95,0.95,0.95,0.95,0.95,0.95,0.95,0.95,0.95,,,,,,,,,,,,
166.0,Pension age in 1980,65,65,65,65,65,65,65,65,65,65,,,,,,,,,,,,
167.0,Max age,100,100,100,100,100,100,100,100,100,100,,,,,,,,,,,,
168.0,CO2 emissions from IPC2 use para a,0.025,0.01,0.08,0.03,0.02,0.009,0.0011,0.009,-0.0013,0.02,,,,,,,,,,,,
169.0,CO2 emissions from IPC2 use para b,0.3606,0.023,-0.1284,0,0.023,0.1,0.134,0.24,0.3606,0.023,,,,,,,,,,,,
170.0,toe to CO2 para a,2.7,2.8,2.6,2.16,2.4,2.37,2.4,2.6,2.37,2.1,,,,,,,,,,,,
171.0,toe to CO2 para b,0.0347,0,-0.0036,0.1599,0.1,0.0347,0.1,0.0347,0.0347,0.1,,,,,,,,,,,,
172.0,UNIT conversion 4 TWh per Mtoe,4,4,4,4,4,4.5,5,4.5,4,4,,,,,,,,,,,,
173.0,Fossil capacity factor,0.89,0.89,0.89,0.83,0.89,0.9,1,0.88,1,0.89,,,,,,,,,,,,
174.0,Fossil el capacity gap closing time,2,1,1,1,1,25,1,25,2,1,,,,,,,,,,,,
175.0,Fossil elec capacity in 1980,300,10,10,10,10,20,10,120,200,10,,,,,,,,,,,,
176.0,Fossil actual uptime factor,0.82,1,1,1,1,1,1,1,0.81,1,,,,,,,,,,,,
177.0,Hydro capacity factor mean,0.45,0.45,0.41,0.45,0.45,0.45,0.45,0.45,0.45,0.45,,,,,,,,,,,,
178.0,hydro generating capacity GW k,0.045,0.4,0.3,0.15,0.25,0.3,0.04,0.08,0.045,0.3,,controls the steepness of the introduction of hydro,,,,,,,,,,
179.0,hydro generating capacity GW L,85,100,500,13,80,200,150,84,200,65,,,,,,,,,,,,
180.0,hydro generating capacity GW x0,12,7.2,11,8,4,6,-2,6,12,7.5,,,,,,,,,,,,
181.0,Nuclear generating capacity GW L,117.5,2.1,75,2,10,5,100,43,99,0,,,us,af,cn,me,sa,la,pa,ec,se,
182.0,Nuclear generating capacity GW k,0.1,0.5,0.3,0.5,0.5,0.3,0.06,0.2,0.1,0.2,,,EU handled with separate function,,,,,,,,,
183.0,Nuclear generating capacity GW x0,32.5,2,14,20,5,10,30,12,1,3.5,,,,,,,,,,,,
184.0,Biofuels para a,0,-1.0597,-1.0597,-0.006,-4,-5,-14,0,-21,-16,,,af,cn,me,sa,la,pa,ec,eu,se,
185.0,Biofuels para b,0,0.2394,0.2394,0.001,0.9,1.5,0.37,0.001,0.826,2,,,US handled with separate function,,,,,,,,,
186.0,Normal signal rate,0.02,0.04,0.02,0.02,0.02,0.02,0.02,0.02,0.02,0.02,,,,,,,,,,,,
187.0,Inflation perception time,1,2,2,1,1,1,1,1,1,1,,,,,,,,,,,,
188.0,SWITCH unemp target is 1 long term is 2,1,1,1,2,1,2,1,1,1,2,,,,,,,,,,,,
189.0,Inflation target,0.02,0.05,0.035,0.02,0.02,0.02,0.02,0.02,0.02,0.02,,,,,,,,,,,,
190.0,Unemployment target,0.05,0.07,0.07,0.03,0.07,0.03,0.03,0.03,0.05,0.04,,,,,,,,,,,,
191.0,Central bank signal rate in 1980,0.13,0.1,0.1,0.13,0.13,0.13,0.13,0.13,0.13,0.13,,,,,,,,,,,,
192.0,Perceived Inflation rate in 1980,0.15,0.08,0.08,0.1,0.18,0.15,0.1,0.15,0.15,0.08,,,,,,,,,,,,
193.0,ROC in CLR in 1980,0.025,0.02,0.05,0.025,0.02,0.02,0.02,0.01,0.025,0.02,,,,,,,,,,,,
194.0,CLR in 1980,20000,11000,5000,25000,5000,15000,25000,25000,25000,5000,,,,,,,,,,,,
195.0,SoE of labor imbalance on FOLP,0.0002,0.012,0.005,0.0003,0.0005,0.0018,0.001,0,0.0003,0.0005,,,,,,,,,,,,
196.0,Frac outside of labor pool in 1980,0.52,0.77,0.47,0.69,0.61,0.62,0.55,0.58,0.58,0.53,,,,,,,,,,,,
197.0,Unemployed in 1980,8,10,35,5,10,5,5,5,15,10,,,,,,,,,,,,
198.0,Perceived relative inventory in 1980,1,1,1,1,0.89,0.8,0.89,1,0.8,1,,,,,,,,,,,,
199.0,SoE of Inventory on Inflation rate,0.5,3,3,0.5,0.5,0.5,0.5,0.5,0.5,2,,,,,,,,,,,,
200.0,Minimum relative inventory without inflation,0.94,0.97,0.99,0.88,0.9,0.75,0.95,0.85,0.92,0.981,,,,,,,,,,,,
201.0,SoE of Inventory on Goal for hours worked index,-1,-1,-0.6,-1,-1,-1,-1,-1,-1,-1,,,,,,,,,,,,
202.0,Time to adjust work hours y,0.5,0.25,0.25,0.5,0.5,0.5,0.5,0.5,0.5,0.25,,,,,,,,,,,,
203.0,COR in 1980,3,8,1.6,8,8,6,4,5,3,8,,,,,,,,,,,,
204.0,SWITCH CBC 80 is 1 dynamic is 2,1,2,2,2,2,1,2,1,1,2,,,,,,,,,,,,
205.0,slope of Coporate Borrowing Cost Effect on Flow to Capacity adding,-0.1,0,0,0,0,-0.4,0,-0.3,-0.1,0,,,,,,,,,,,,
206.0,Govt debt in 1980 as fraction of National Income,0.5,1,0.2,1,1,1,1,1,1,1,,,,,,,,,,,,
207.0,Max Govt debt burden,2,2,1.25,2,2,2,2,2,2,2,,,,,,,,,,,,
208.0,Worker debt ratio in 1980,1,0.2,0.2,0.4,0.4,0.4,0.4,0.4,0.4,0.4,,,,,,,,,,,,
209.0,Owner savings fraction in 1980,0.8,0.2,0.45,0.4,0.3,0.4,0.85,0.4,0.8,0.3,,,,,,,,,,,,
210.0,RoTA in 1980,0.02,0.0225,0.05,0.0375,0.06,0.035,0.0325,0.03,0.0225,0.06,,,,,,,,,,,,
211.0,All N2O emi except agri para a,0,0.0252,0.0671,0.007,0.05,0.0048,-0.0009,0.0012,0,0.009,,af,cn,me,sa,la,pa,ec,se,,,
212.0,All N2O emi except agri para b,0.1,0.0484,0.0035,0.043,0,0.0858,0.2027,0.1361,0.1,0.0309,,US and EU handled with separate function,,,,,,,,,,
213.0,CH4 emi from energy para a,3,25,9.7,22.561,3.2,6.9187,3.7161,16,3,6,,af,cn,me,sa,la,pa,ec,se,,,
214.0,CH4 emi from energy para b,0.1,0.6,0.756,0.5886,-0.2,0.7615,0.0535,-0.7615,0.1,0.4,,US and EU handled with separate function,,,,,,,,,,
215.0,CH4 emi from waste para a,-4.858,1,1,3.672,3,7.082,-0.235,1.53,-3.947,7,,us,me,sa,la,pa,ec,eu,se,,,
216.0,CH4 emi from waste para b,25.387,1,1,-4.58,1,-11.039,3.4589,0.5983,22.115,-6,,CN and AF handled with separate function,,,,,,,,,,
217.0,oth crop pp para a,61.5666,155.265,218.985,103.477,89.3181,713.147,44.8079,-63.6056,-118.483,113.732,,,,,,,,,,,,
218.0,oth crop pp para b,351.895,288.935,157.457,149.41,322.62,-129.904,285.873,820.263,1183.46,280.016,,,,,,,,,,,,
219.0,Desired net export of crops,0.23,0,0,-0.2,0,0.3,0,0.3,0.05,0.4,,,,,,,,,,,,
220.0,CH4 emissions from agri MtCH4 pr yr para a,3,10.342,3.12151,0.8249,10,9.1509,-1.7,8.6162,5.3,4.08118,,,,,,,,,,,,
221.0,CH4 emissions from agri MtCH4 pr yr para b,1.672,0.605134,14.4031,1.75,5,-1.6894,9.06,-8.3246,-1.75,8.71646,,,,,,,,,,,,
222.0,AfCnUsEu GLDM L,300,720,393,300,300,300,300,300,100,300,,Grazing land desired for all meat func,,,,,,,,,,
223.0,AfCnUsEu GLDM k,0.00344,0.1,0.107,0,0,0,0,0,0.0131,0,,af,cn,us,eu,,,,,,,
224.0,AfCnUsEu GLDM x,-418,-14,-0.127,1,1,1,1,1,-96,1,,,,,,,,,,,,
225.0,Fraction of N use saved by regenerative practice,0.1,1,1,1,1,1,1,1,0.1,1,,,,,,,,,,,,
226.0,SoE of crop imbalance on N use,0,0,0,0,0,0,0,0,0,0,,,,,,,,,,,,
227.0,Crop yield tCrop pr ha yr in 1980,2.5,1.5,4.8,1.6,2,1.6,2.33,1.6,4.5,3.2,,,,,,,,,,,,
228.0,Fraction of supply deviation to be closed by yield adjustment,0.3,0.3,0.3,0.3,0.3,0.3,0.3,0.3,0.3,0.3,,,,,,,,,,,,
229.0,N use k,0.04,0.6,0.1,0.134,0.1,0.12,0.066148,0.09,0.016,0.9,,,,,,,,,,,,
230.0,N use L,108,22.5,50,75,50,85,100,50,130,65,,us,me,sa,la,pa,ec,eu,se,,,
231.0,N use x0,36.64,4.4,1,10.46,1,12.3717,30.348,21,-34,2.5,,CN and AF handled with separate function,,,,,,,,,,
232.0,Food wasted in 1980,0.3,0.3,0.3,0.3,0.3,0.3,0.3,0.3,0.3,0.3,,,,,,,,,,,,
233.0,Desired fraction of supply deviation to be closed by imports,0,0.3,0.3,0.75,0.3,0.75,0.3,0.75,0,0.3,,,,,,,,,,,,
234.0,N excreted on pasture per unit of RnW meat production para a,7.687,1.89,0.6,2.308,4.2,6.2719,9.943,3.439,124.64,0.84,,,,,,,,,,,,
235.0,N excreted on pasture per unit of RnW meat production para b,-1.031,0,-0.016,-0.68,-0.36,-0.658,-1.146,-0.742,-1.624,-0.35,,,,,,,,,,,,
236.0,Desired net export of red meat,0.1,-0.06,-0.06,-0.35,-0.06,0.1,0.1,0.1,0.1,-0.06,,,,,,,,,,,,
237.0,N2O emissions from agriculture para a,0.0265,0.036,0.029,0.037,0.0159,0.037,0.0159,0.0263,0.03,0.0228,,,,,,,,,,,,
238.0,N2O emissions from agriculture para b,0.6528,0.38,-0.09,-0.024,-0.0934,-0.024,0.042,0.2452,-0.024,0.083,,,,,,,,,,,,
239.0,Urban land per population ha pr person,0.25,0.049,0.036,0.06,0.03,0.06,0.07,0.019,0.06,0.034,,,,,,,,,,,,
240.0,LULUC CO2 emissions para a,0.1,2,-0.3,0,-4,-0.8,0.5,0.15,0.3,-0.7,,,,,,,,,,,,
241.0,LULUC CO2 emissions para b,-0.65,1.5,-0.75,0,-0.4,1.2,-1.8,-1.5,-0.4,-0.5,,,,,,,,,,,,
242.0,Births effect from cohorts outside age 15 to 45,1,1.12,0.97,1.03,0.83,0.9,0.93,0.95,1,0.84,,,,,,,,,,,,
243.0,SoE of GDPpp on owners savings fraction,-0.06,-0.06,-0.06,-0.02,-0.02,-0.06,-0.06,-0.06,-0.02,-0.06,,,,,,,,,,,,
244.0,Strength of Eff of size of industrial sector,1,1.75,1.5,1,1,1,1,1,1,1,,,,,,,,,,,,
245.0,Fraction of cropland gap closed from acgl 1 pr yr,1,1,1,1,1,1,0,1,1,1,,,,,,,,,,,,
246.0,Fraction of suppy deviation to be closed by land,0.1,1,1,1,1,0.1,0,0.1,0.1,1,,,,,,,,,,,,
247.0,Switch GDP hist 1 mod 2 MUST BE 2 for production runs,2,2,2,2,2,2,2,2,2,2,,,,,,,,,,,,
248.0,RoC in food productivity GL,0.002,0.002,0.002,0.002,0.002,0.002,0.002,0.002,0.002,0.002,,,,,,,,,,,,
249.0,Max_Workers_debt_burden_in_1980,2,0.5,0.5,1,0.5,0.1,3,0.1,2,0.5,,,,,,,,,,,,
250.0,Wreaction GL,1,1,1,1,1,1,1,1,1,1,,,,,,,,,,,,
,,us,af,cn,me,sa,la,pa,ec,eu,se,,,,,,,,,,,,
